year,coo,coo_name,coa,coa_name,refugees,asylum_seekers
2022,UKR,Ukraine,RUS,Russian Federation,1275315,610
2023,UKR,Ukraine,RUS,Russian Federation,1227554,257
2024,UKR,Ukraine,GFR,Germany,1205729,1830
2025,UKR,Ukraine,GFR,Germany,1193063,1654
2023,UKR,Ukraine,GFR,Germany,1097503,1640
2022,UKR,Ukraine,GFR,Germany,1002999,1383
2025,UKR,Ukraine,POL,Poland,995247,5785
2024,UKR,Ukraine,POL,Poland,991223,3448
2022,UKR,Ukraine,POL,Poland,958147,372
2023,UKR,Ukraine,POL,Poland,955891,1005
2022,UKR,Ukraine,CZE,Czechia,433501,137
2024,UKR,Ukraine,CZE,Czechia,388388,126
2025,UKR,Ukraine,CZE,Czechia,378251,117
2023,UKR,Ukraine,CZE,Czechia,374247,100
2025,UKR,Ukraine,GBR,United Kingdom of Great Britain and Northern Ireland,262436,1311
2024,UKR,Ukraine,GBR,United Kingdom of Great Britain and Northern Ireland,255141,945
2025,UKR,Ukraine,SPA,Spain,237005,1035
2025,UKR,Ukraine,CAN,Canada,232381,1115
2023,UKR,Ukraine,GBR,United Kingdom of Great Britain and Northern Ireland,225497,327
2024,UKR,Ukraine,SPA,Spain,222544,1010
2023,UKR,Ukraine,SPA,Spain,191327,1145
2025,UKR,Ukraine,ROM,Romania,186040,0
2022,UKR,Ukraine,GBR,United Kingdom of Great Britain and Northern Ireland,182423,976
2024,UKR,Ukraine,ROM,Romania,177996,5
2025,UKR,Ukraine,ITA,Italy,173620,2012
2024,UKR,Ukraine,ITA,Italy,167780,1875
2023,UKR,Ukraine,ITA,Italy,164667,1331
2022,UKR,Ukraine,SPA,Spain,159194,1515
2022,UKR,Ukraine,ITA,Italy,149872,1878
2022,UKR,Ukraine,BUL,Bulgaria,149215,16
2025,UKR,Ukraine,SVK,Slovakia,143836,10
2024,UKR,Ukraine,SVK,Slovakia,142172,10
2024,UKR,Ukraine,MDA,Rep. of Moldova,135486,375
2025,UKR,Ukraine,MDA,Rep. of Moldova,132775,186
2023,UKR,Ukraine,SVK,Slovakia,124962,0
2025,UKR,Ukraine,NET,Netherlands (Kingdom of the),123542,399
2023,UKR,Ukraine,MDA,Rep. of Moldova,120564,131
2024,UKR,Ukraine,NET,Netherlands (Kingdom of the),118974,564
2025,UKR,Ukraine,IRE,Ireland,112446,359
2024,UKR,Ukraine,IRE,Ireland,109081,451
2023,UKR,Ukraine,NET,Netherlands (Kingdom of the),105338,1290
2022,UKR,Ukraine,NET,Netherlands (Kingdom of the),102643,1059
2023,UKR,Ukraine,IRE,Ireland,100545,291
2022,UKR,Ukraine,ROM,Romania,100086,42
2022,UKR,Ukraine,MDA,Rep. of Moldova,98910,3194
2022,UKR,Ukraine,SVK,Slovakia,94858,0
2022,UKR,Ukraine,AUS,Austria,89862,249
2025,UKR,Ukraine,BEL,Belgium,89072,638
2024,UKR,Ukraine,BEL,Belgium,85635,887
2024,UKR,Ukraine,AUS,Austria,84987,56
2025,UKR,Ukraine,AUS,Austria,84785,52
2023,UKR,Ukraine,AUS,Austria,83748,68
2023,UKR,Ukraine,ROM,Romania,81493,6
2025,UKR,Ukraine,NOR,Norway,79577,967
2024,UKR,Ukraine,NOR,Norway,79112,877
2023,UKR,Ukraine,LTU,Lithuania,77340,5
2023,UKR,Ukraine,BEL,Belgium,75260,0
2024,UKR,Ukraine,CAN,Canada,75221,824
2022,UKR,Ukraine,CAN,Canada,75098,196
2023,UKR,Ukraine,CAN,Canada,75055,191
2024,UKR,Ukraine,BUL,Bulgaria,74322,5
2025,UKR,Ukraine,FIN,Finland,72247,145
2022,UKR,Ukraine,IRE,Ireland,70578,238
2025,UKR,Ukraine,FRA,France,70260,8859
2022,UKR,Ukraine,FRA,France,69302,1270
2024,UKR,Ukraine,FRA,France,68929,6296
2024,UKR,Ukraine,FIN,Finland,68589,197
2023,UKR,Ukraine,BUL,Bulgaria,68276,5
2023,UKR,Ukraine,FRA,France,68181,1866
2025,UKR,Ukraine,SWI,Switzerland,67906,895
2025,UKR,Ukraine,BUL,Bulgaria,67875,5
2024,UKR,Ukraine,SWI,Switzerland,66894,639
2023,UKR,Ukraine,NOR,Norway,66450,948
2023,UKR,Ukraine,SWI,Switzerland,66419,225
2022,UKR,Ukraine,LTU,Lithuania,65175,0
2023,UKR,Ukraine,MNE,Montenegro,64640,0
2023,UKR,Ukraine,FIN,Finland,63503,327
2025,UKR,Ukraine,HUN,Hungary,63326,0
2024,UKR,Ukraine,HUN,Hungary,62987,0
2022,UKR,Ukraine,BEL,Belgium,61975,685
2022,UKR,Ukraine,SWI,Switzerland,60162,109
2023,UKR,Ukraine,HUN,Hungary,57401,0
2024,UKR,Ukraine,POR,Portugal,57141,16
2025,UKR,Ukraine,POR,Portugal,55872,20
2023,UKR,Ukraine,POR,Portugal,51566,17
2024,UKR,Ukraine,LTU,Lithuania,50641,10
2025,UKR,Ukraine,LTU,Lithuania,49248,5
2024,UKR,Ukraine,LVA,Latvia,47687,5
2022,UKR,Ukraine,SWE,Sweden,46857,989
2024,UKR,Ukraine,SWE,Sweden,45993,151
2022,UKR,Ukraine,POR,Portugal,44960,29
2022,UKR,Ukraine,FIN,Finland,44953,553
2023,UKR,Ukraine,LVA,Latvia,44307,5
2025,UKR,Ukraine,SWE,Sweden,44075,139
2023,UKR,Ukraine,SWE,Sweden,43467,1111
2024,UKR,Ukraine,BLR,Belarus,43114,1199
2024,UKR,Ukraine,EST,Estonia,41729,98
2025,UKR,Ukraine,BLR,Belarus,41557,1255
2023,UKR,Ukraine,EST,Estonia,41463,294
2025,UKR,Ukraine,EST,Estonia,40901,151
2022,UKR,Ukraine,EST,Estonia,40298,518
2023,UKR,Ukraine,BLR,Belarus,39645,282
2025,UKR,Ukraine,DEN,Denmark,39279,641
2022,UKR,Ukraine,LVA,Latvia,37800,10
2025,UKR,Ukraine,GRE,Greece,36268,61
2024,UKR,Ukraine,DEN,Denmark,36058,640
2023,UKR,Ukraine,DEN,Denmark,35940,749
2022,UKR,Ukraine,NOR,Norway,33243,10
2022,UKR,Ukraine,DEN,Denmark,32839,867
2024,UKR,Ukraine,GRE,Greece,32830,61
2022,UKR,Ukraine,MNE,Montenegro,32346,5
2025,UKR,Ukraine,LVA,Latvia,31661,0
2024,UKR,Ukraine,GEO,Georgia,29914,85
2022,UKR,Ukraine,HUN,Hungary,29632,5
2025,UKR,Ukraine,GEO,Georgia,29124,102
2024,UKR,Ukraine,HRV,Croatia,27256,11
2023,UKR,Ukraine,GRE,Greece,27043,70
2025,UKR,Ukraine,HRV,Croatia,26873,11
2022,UKR,Ukraine,GEO,Georgia,26446,52
2023,UKR,Ukraine,GEO,Georgia,24751,30
2025,UKR,Ukraine,CYP,Cyprus,23853,43
2023,UKR,Ukraine,HRV,Croatia,23733,0
2024,UKR,Ukraine,CYP,Cyprus,21875,85
2022,UKR,Ukraine,GRE,Greece,21827,104
2024,UKR,Ukraine,MCD,North Macedonia,20741,0
2025,UKR,Ukraine,MCD,North Macedonia,20741,0
2022,UKR,Ukraine,HRV,Croatia,19416,0
2022,UKR,Ukraine,BLR,Belarus,19384,532
2023,UKR,Ukraine,CYP,Cyprus,19019,111
2025,UKR,Ukraine,MNE,Montenegro,18992,5
2023,UKR,Ukraine,MCD,North Macedonia,18703,0
2024,UKR,Ukraine,MNE,Montenegro,18558,0
2025,UKR,Ukraine,SRB,Serbia and Kosovo: S/RES/1244 (1999),14057,0
2022,UKR,Ukraine,CYP,Cyprus,12472,94
2024,UKR,Ukraine,SVN,Slovenia,11296,127
2025,UKR,Ukraine,ALB,Albania,10763,0
2024,UKR,Ukraine,SRB,Serbia and Kosovo: S/RES/1244 (1999),10719,0
2025,UKR,Ukraine,SVN,Slovenia,10620,138
2023,UKR,Ukraine,SVN,Slovenia,9467,47
2024,UKR,Ukraine,ALB,Albania,9250,0
2022,UKR,Ukraine,SVN,Slovenia,7748,16
2023,UKR,Ukraine,AUL,Australia,7472,809
2024,UKR,Ukraine,RUS,Russian Federation,6894,149
2022,UKR,Ukraine,MCD,North Macedonia,6816,0
2025,UKR,Ukraine,RUS,Russian Federation,6121,163
2023,UKR,Ukraine,ICE,Iceland,5425,25
2023,UKR,Ukraine,LUX,Luxembourg,5365,40
2023,UKR,Ukraine,ALB,Albania,4959,0
2024,UKR,Ukraine,AZE,Azerbaijan,4906,206
2025,UKR,Ukraine,AZE,Azerbaijan,4893,150
2022,UKR,Ukraine,AZE,Azerbaijan,4770,77
2025,UKR,Ukraine,ARM,Armenia,4768,24
2022,UKR,Ukraine,LUX,Luxembourg,4500,25
2025,UKR,Ukraine,ICE,Iceland,4270,25
2023,UKR,Ukraine,AZE,Azerbaijan,4206,107
2023,UKR,Ukraine,SRB,Serbia and Kosovo: S/RES/1244 (1999),4063,0
2024,UKR,Ukraine,ICE,Iceland,4029,27
2024,UKR,Ukraine,LUX,Luxembourg,3747,40
2025,UKR,Ukraine,LUX,Luxembourg,3648,50
2025,UKR,Ukraine,AUL,Australia,3520,1272
2024,UKR,Ukraine,USA,United States of America,3397,18658
2025,UKR,Ukraine,USA,United States of America,3397,18658
2023,UKR,Ukraine,USA,United States of America,3299,17773
2023,UKR,Ukraine,TUR,Türkiye,3232,0
2022,UKR,Ukraine,USA,United States of America,3063,12369
2022,UKR,Ukraine,TUR,Türkiye,2768,2189
2024,UKR,Ukraine,TUR,Türkiye,2616,0
2024,UKR,Ukraine,MTA,Malta,2591,110
2022,UKR,Ukraine,ALB,Albania,2542,5
2025,UKR,Ukraine,TUR,Türkiye,2399,0
2022,UKR,Ukraine,ICE,Iceland,2335,0
2025,UKR,Ukraine,MTA,Malta,2335,90
2023,UKR,Ukraine,MTA,Malta,2192,89
2023,UKR,Ukraine,JPN,Japan,2077,0
2024,UKR,Ukraine,JPN,Japan,2058,0
2025,UKR,Ukraine,JPN,Japan,2058,0
2022,UKR,Ukraine,JPN,Japan,2013,0
2022,UKR,Ukraine,MTA,Malta,1765,54
2022,UKR,Ukraine,AUL,Australia,1527,502
2025,UKR,Ukraine,BRA,Brazil,1459,26
2024,UKR,Ukraine,BRA,Brazil,1330,34
2023,UKR,Ukraine,BRA,Brazil,1129,30
2022,UKR,Ukraine,SRB,Serbia and Kosovo: S/RES/1244 (1999),1108,0
2025,UKR,Ukraine,LIE,Liechtenstein,763,0
2024,UKR,Ukraine,LIE,Liechtenstein,727,0
2024,UKR,Ukraine,ARM,Armenia,706,63
2023,UKR,Ukraine,ARM,Armenia,599,46
2023,UKR,Ukraine,LIE,Liechtenstein,577,0
2022,UKR,Ukraine,ARM,Armenia,406,122
2022,UKR,Ukraine,LIE,Liechtenstein,402,0
2025,UKR,Ukraine,BSN,Bosnia and Herzegovina,293,5
2024,UKR,Ukraine,BSN,Bosnia and Herzegovina,267,5
2023,UKR,Ukraine,BSN,Bosnia and Herzegovina,185,8
2022,UKR,Ukraine,BSN,Bosnia and Herzegovina,147,0
2022,UKR,Ukraine,ARG,Argentina,121,59
2023,UKR,Ukraine,ARG,Argentina,121,39
2024,UKR,Ukraine,ARG,Argentina,121,26
2025,UKR,Ukraine,ARG,Argentina,121,32
2025,UKR,Ukraine,MEX,Mexico,118,68
2025,UKR,Ukraine,ECU,Ecuador,110,7
2024,UKR,Ukraine,ECU,Ecuador,102,8
2024,UKR,Ukraine,MEX,Mexico,102,130
2024,UKR,Ukraine,KAZ,Kazakhstan,99,146
2023,UKR,Ukraine,ECU,Ecuador,92,0
2025,UKR,Ukraine,KAZ,Kazakhstan,92,116
2023,UKR,Ukraine,MEX,Mexico,85,126
2022,UKR,Ukraine,ECU,Ecuador,79,5
2023,UKR,Ukraine,KAZ,Kazakhstan,68,207
2025,UKR,Ukraine,CHL,Chile,68,51
2023,UKR,Ukraine,CHL,Chile,67,43
2024,UKR,Ukraine,CHL,Chile,67,45
2022,UKR,Ukraine,CHL,Chile,46,53
2022,UKR,Ukraine,BRA,Brazil,43,65
2024,UKR,Ukraine,ISR,Israel,39,262
2025,UKR,Ukraine,ISR,Israel,39,262
2024,UKR,Ukraine,COS,Costa Rica,35,18
2024,UKR,Ukraine,AUL,Australia,34,1019
2025,UKR,Ukraine,COS,Costa Rica,34,15
2025,UKR,Ukraine,KGZ,Kyrgyzstan,34,21
2022,UKR,Ukraine,MEX,Mexico,31,149
2023,UKR,Ukraine,ISR,Israel,31,306
2024,UKR,Ukraine,PER,Peru,31,109
2025,UKR,Ukraine,PER,Peru,31,110
2022,UKR,Ukraine,ISR,Israel,30,384
2023,UKR,Ukraine,PER,Peru,30,90
2022,UKR,Ukraine,PER,Peru,29,7
2024,UKR,Ukraine,KOR,Rep. of Korea,23,37
2024,UKR,Ukraine,NZL,New Zealand,23,5
2025,UKR,Ukraine,KOR,Rep. of Korea,23,39
2024,UKR,Ukraine,KGZ,Kyrgyzstan,21,30
2024,UKR,Ukraine,PAN,Panama,21,5
2025,UKR,Ukraine,PAN,Panama,21,5
2023,UKR,Ukraine,KOR,Rep. of Korea,20,29
2023,UKR,Ukraine,PAN,Panama,19,5
2022,UKR,Ukraine,URU,Uruguay,18,0
2023,UKR,Ukraine,URU,Uruguay,18,0
2024,UKR,Ukraine,URU,Uruguay,18,5
2025,UKR,Ukraine,NZL,New Zealand,18,5
2025,UKR,Ukraine,URU,Uruguay,18,5
2022,UKR,Ukraine,KOR,Rep. of Korea,17,22
2022,UKR,Ukraine,KGZ,Kyrgyzstan,14,10
2022,UKR,Ukraine,COS,Costa Rica,13,40
2023,UKR,Ukraine,COS,Costa Rica,13,44
2023,UKR,Ukraine,KGZ,Kyrgyzstan,13,22
2022,UKR,Ukraine,PAN,Panama,11,10
2023,UKR,Ukraine,NZL,New Zealand,10,14
2025,UKR,Ukraine,PAR,Paraguay,10,11
2022,UKR,Ukraine,PAR,Paraguay,9,0
2023,UKR,Ukraine,PAR,Paraguay,9,0
2024,UKR,Ukraine,COL,Colombia,9,25
2024,UKR,Ukraine,PAR,Paraguay,9,5
2025,UKR,Ukraine,COL,Colombia,9,0
2022,UKR,Ukraine,COL,Colombia,8,21
2023,UKR,Ukraine,COL,Colombia,8,24
2023,UKR,Ukraine,BOL,Bolivia (Plurinational State of),7,10
2024,UKR,Ukraine,BOL,Bolivia (Plurinational State of),7,9
2025,UKR,Ukraine,BOL,Bolivia (Plurinational State of),7,9
2023,UKR,Ukraine,DOM,Dominican Rep.,6,12
2022,UKR,Ukraine,BOL,Bolivia (Plurinational State of),5,0
2022,UKR,Ukraine,NZL,New Zealand,5,17
2024,UKR,Ukraine,DOM,Dominican Rep.,5,28
2024,UKR,Ukraine,GUA,Guatemala,5,0
2024,UKR,Ukraine,RSA,South Africa,5,5
2025,UKR,Ukraine,DOM,Dominican Rep.,5,28
2025,UKR,Ukraine,GUA,Guatemala,5,5
2022,UKR,Ukraine,ARE,Egypt,0,5
2022,UKR,Ukraine,CHI,China,0,18
2022,UKR,Ukraine,DOM,Dominican Rep.,0,14
2022,UKR,Ukraine,GHA,Ghana,0,5
2022,UKR,Ukraine,GUA,Guatemala,0,5
2022,UKR,Ukraine,IND,India,0,58
2022,UKR,Ukraine,IRQ,Iraq,0,5
2022,UKR,Ukraine,JOR,Jordan,0,10
2022,UKR,Ukraine,KAZ,Kazakhstan,0,550
2022,UKR,Ukraine,LEB,Lebanon,0,16
2022,UKR,Ukraine,NEP,Nepal,0,5
2022,UKR,Ukraine,NIG,Nigeria,0,5
2022,UKR,Ukraine,PHI,Philippines,0,14
2022,UKR,Ukraine,TUN,Tunisia,0,29
2022,UKR,Ukraine,UKN,Unknown ,0,0
2022,UKR,Ukraine,UKR,Ukraine,0,0
2023,UKR,Ukraine,ARE,Egypt,0,9
2023,UKR,Ukraine,CHI,China,0,20
2023,UKR,Ukraine,GHA,Ghana,0,5
2023,UKR,Ukraine,GUA,Guatemala,0,5
2023,UKR,Ukraine,IND,India,0,66
2023,UKR,Ukraine,IRQ,Iraq,0,5
2023,UKR,Ukraine,JOR,Jordan,0,5
2023,UKR,Ukraine,LBY,Libya,0,5
2023,UKR,Ukraine,LEB,Lebanon,0,19
2023,UKR,Ukraine,NEP,Nepal,0,6
2023,UKR,Ukraine,NIG,Nigeria,0,5
2023,UKR,Ukraine,PHI,Philippines,0,45
2023,UKR,Ukraine,TUN,Tunisia,0,21
2023,UKR,Ukraine,UKN,Unknown ,0,0
2023,UKR,Ukraine,UKR,Ukraine,0,0
2024,UKR,Ukraine,ARE,Egypt,0,10
2024,UKR,Ukraine,CHI,China,0,18
2024,UKR,Ukraine,GHA,Ghana,0,5
2024,UKR,Ukraine,IND,India,0,89
2024,UKR,Ukraine,IRQ,Iraq,0,5
2024,UKR,Ukraine,KEN,Kenya,0,5
2024,UKR,Ukraine,LEB,Lebanon,0,15
2024,UKR,Ukraine,MOR,Morocco,0,5
2024,UKR,Ukraine,NEP,Nepal,0,8
2024,UKR,Ukraine,NIG,Nigeria,0,5
2024,UKR,Ukraine,PHI,Philippines,0,48
2024,UKR,Ukraine,TAN,United Rep. of Tanzania,0,13
2024,UKR,Ukraine,TUN,Tunisia,0,6
2024,UKR,Ukraine,UKN,Unknown ,0,0
2024,UKR,Ukraine,UKR,Ukraine,0,0
2025,UKR,Ukraine,ARE,Egypt,0,10
2025,UKR,Ukraine,BEN,Benin,0,5
2025,UKR,Ukraine,CHI,China,0,18
2025,UKR,Ukraine,GHA,Ghana,0,5
2025,UKR,Ukraine,IND,India,0,93
2025,UKR,Ukraine,IRQ,Iraq,0,6
2025,UKR,Ukraine,KEN,Kenya,0,5
2025,UKR,Ukraine,LEB,Lebanon,0,18
2025,UKR,Ukraine,MOR,Morocco,0,5
2025,UKR,Ukraine,NEP,Nepal,0,8
2025,UKR,Ukraine,PHI,Philippines,0,53
2025,UKR,Ukraine,RSA,South Africa,0,5
2025,UKR,Ukraine,TAN,United Rep. of Tanzania,0,12
2025,UKR,Ukraine,UKN,Unknown ,0,0
2025,UKR,Ukraine,UKR,Ukraine,0,0
